name,batting_hand,bowling_style
MM Patel,RHB,RA_Pace
AB Agarkar,RHB,RA_Pace
RE Levi,RHB,None
RR Powar,RHB,RA_Offspin
CL White,RHB,Wrist_Spin
LA Carseldine,LHB,None
Gurjapneet Singh,LHB,LA_Pace
Sunny Gupta,RHB,RA_Offspin
Anirudh Singh,RHB,None
M Ntini,RHB,RA_Pace
S Kaushik,RHB,LA_Orthodox
GR Napier,RHB,RA_Pace
S Joseph,RHB,RA_Pace
AP Tare,RHB,None
A Mhatre,RHB,None
MD Choudhary,LHB,LA_Pace
Shivam Singh,RHB,None
Mukesh Choudhary,LHB,LA_Pace
GB Hogg,LHB,LA_Orthodox
BB McCullum,RHB,None
SC Kuggeleijn,RHB,RA_Pace
D Jansen,RHB,LA_Pace
AC Gilchrist,LHB,None
Imran Tahir,RHB,Wrist_Spin
B Sumanth,RHB,None
R Dhawan,RHB,RA_Pace
D Padikkal,LHB,None
DV Malewar,RHB,None
N Thushara,RHB,RA_Pace
A Raghuvanshi,RHB,None
PVD Chameera,RHB,RA_Pace
MA Agarwal,RHB,None
S Sandeep Warrier,RHB,RA_Pace
SB Wagh,LHB,LA_Pace
Abhishek Sharma,LHB,LA_Orthodox
UA Birla,RHB,None
MD Shanaka,RHB,RA_Pace
R Sharma,RHB,RA_Offspin
LPC Silva,RHB,RA_Offspin
AM Nayar,LHB,RA_Pace
KR Mayers,LHB,RA_Pace
Azmatullah Omarzai,RHB,RA_Pace
Sediqullah Atal,LHB,None
JPR Scantlebury-Searles,RHB,RA_Pace
MK Pandey,RHB,None
SM Curran,LHB,LA_Pace
DNT Zoysa,LHB,LA_Pace
AJ Finch,RHB,None
B Geeves,RHB,RA_Pace
S Gopal,RHB,Wrist_Spin
TS Mills,RHB,LA_Pace
HE van der Dussen,RHB,None
KT Maphaka,LHB,LA_Pace
KA Jamieson,RHB,RA_Pace
RV Uthappa,RHB,None
R Shukla,RHB,RA_Pace
Anuj Rawat,LHB,None
Ravi Singh,RHB,None
Anureet Singh,RHB,RA_Pace
HH Gibbs,RHB,None
DH Yagnik,LHB,None
K Kartikeya,RHB,LA_Orthodox
E Lewis,LHB,None
P Prasanth,RHB,RA_Offspin
M Kaif,RHB,None
VR Iyer,LHB,RA_Pace
LRPL Taylor,RHB,None
MJ Lumb,LHB,None
T Dahiya,RHB,None
S Badrinath,RHB,RA_Offspin
S Anirudha,RHB,None
SN Thakur,RHB,RA_Pace
JM Sharma,RHB,None
RR Rossouw,LHB,None
OF Smith,RHB,RA_Pace
L Ablish,RHB,RA_Pace
V Viyaskanth,RHB,Wrist_Spin
Tejas Baroka,RHB,Wrist_Spin
R Minz,LHB,None
LR Shukla,RHB,RA_Pace
CJ Dala,RHB,RA_Pace
J Suchith,LHB,LA_Orthodox
Brijesh Sharma,RHB,None
Yashpal Singh,RHB,RA_Offspin
CM Gautam,RHB,None
CA Lynn,RHB,None
MJ Santner,LHB,LA_Orthodox
DL Chahar,RHB,RA_Pace
S Dhawan,LHB,None
DJ Bravo,RHB,RA_Pace
MK Lomror,LHB,LA_Orthodox
RR Sarwan,RHB,RA_Offspin
JD Unadkat,RHB,LA_Pace
Lalit Yadav,RHB,RA_Offspin
D Madushanka,RHB,LA_Pace
NLTC Perera,LHB,RA_Pace
Krish Bhagat,RHB,None
JDS Neesham,LHB,RA_Pace
TR Birt,LHB,None
Mohammed Siraj,RHB,RA_Pace
P Simran Singh,RHB,None
DJ Mitchell,RHB,RA_Pace
JP Inglis,RHB,None
Akshat Raghuwanshi,RHB,RA_Offspin
JP Faulkner,RHB,LA_Pace
Vishnu Vinod,RHB,None
BCJ Cutting,RHB,RA_Pace
Navdeep Saini,RHB,RA_Pace
T Kohler-Cadmore,RHB,None
JR Philippe,RHB,None
SW Tait,RHB,RA_Pace
KH Pandya,LHB,LA_Orthodox
AB McDonald,RHB,RA_Pace
SS Mundhe,RHB,RA_Pace
BJ Haddin,RHB,None
PH Solanki,RHB,Wrist_Spin
T Kohli,RHB,RA_Pace
Sikandar Raza,RHB,RA_Offspin
Himmat Singh,RHB,RA_Offspin
KB Arun Karthik,RHB,None
BJ Rohrer,LHB,RA_Offspin
Aniket Verma,RHB,None
V Nigam,RHB,Wrist_Spin
RA Jadeja,LHB,LA_Orthodox
B Kumar,RHB,RA_Pace
C Nanda,RHB,Wrist_Spin
KMDN Kulasekara,RHB,RA_Pace
PD Salt,RHB,None
J Botha,RHB,RA_Offspin
Abishek Porel,LHB,None
CR Woakes,RHB,RA_Pace
R Powell,RHB,RA_Pace
OA Shah,RHB,RA_Offspin
Shakib Al Hasan,LHB,LA_Orthodox
Ishan Kishan,LHB,None
Azhar Mahmood,RHB,RA_Pace
H Sharma,RHB,RA_Offspin
PR Veer,RHB,LA_Orthodox
GJ Bailey,RHB,None
BB Sran,LHB,LA_Pace
Mohit Rathee,RHB,RA_Offspin
JC Buttler,RHB,None
Arshad Khan,LHB,LA_Pace
AD Russell,RHB,RA_Pace
M Tiwari,RHB,RA_Offspin
AA Bilakhia,RHB,RA_Offspin
M Kartik,LHB,LA_Orthodox
D Wiese,RHB,RA_Pace
AN Ghosh,RHB,RA_Offspin
AM Salvi,RHB,RA_Pace
YS Chahal,RHB,Wrist_Spin
GH Vihari,RHB,RA_Offspin
MN Samuels,RHB,RA_Offspin
D Kalyankrishna,RHB,RA_Pace
J Yadav,RHB,RA_Offspin
TP Sudhindra,RHB,RA_Pace
R Smaran,LHB,None
KS Rathore,LHB,None
Musheer Khan,RHB,LA_Orthodox
Sakib Hussain,RHB,RA_Pace
Harshit Rana,RHB,RA_Pace
SE Bond,RHB,RA_Pace
D Ferreira,RHB,None
N Rana,LHB,RA_Offspin
AT Rayudu,RHB,RA_Offspin
DR Shorey,RHB,None
Shahid Afridi,RHB,Wrist_Spin
C Connolly,LHB,LA_Orthodox
YV Dhull,RHB,None
Harpreet Singh,LHB,RA_Offspin
A Symonds,RHB,Wrist_Spin
KAJ Roach,RHB,RA_Pace
K Gowtham,RHB,RA_Offspin
FH Allen,RHB,None
BKG Mendis,RHB,None
A Chandila,RHB,RA_Offspin
VR Aaron,RHB,RA_Pace
SB Styris,RHB,RA_Pace
CJ Ferguson,RHB,RA_Offspin
GS Sandhu,LHB,RA_Pace
P Awana,RHB,RA_Pace
P Chopra,RHB,None
R Ninan,RHB,RA_Offspin
Suryansh Shedge,RHB,RA_Pace
SP Fleming,LHB,None
Rahmanullah Gurbaz,RHB,None
YK Pathan,RHB,RA_Offspin
PR Shah,RHB,None
IS Sodhi,RHB,Wrist_Spin
MF Maharoof,RHB,RA_Pace
MJ McClenaghan,LHB,LA_Pace
SMSM Senanayake,RHB,RA_Offspin
RS Sodhi,RHB,RA_Pace
B Sai Sudharsan,LHB,None
I Malhotra,RHB,LA_Orthodox
MJ Henry,RHB,RA_Pace
RS Ghosh,RHB,None
HH Pandya,RHB,RA_Pace
A Mithun,RHB,RA_Pace
Akash Madhwal,RHB,RA_Pace
KD Karthik,RHB,None
S Aravind,LHB,LA_Pace
AM Ghazanfar,RHB,RA_Offspin
J Fraser-McGurk,RHB,None
VVS Laxman,RHB,None
M Markande,RHB,Wrist_Spin
R Parag,RHB,RA_Offspin
MJ Suthar,LHB,LA_Orthodox
S Tyagi,RHB,RA_Pace
L Ronchi,RHB,None
A Kumble,RHB,Wrist_Spin
LI Meriwala,LHB,LA_Pace
CA Pujara,RHB,None
MJ Owen,LHB,RA_Pace
Rasikh Salam,RHB,RA_Pace
S Sreesanth,RHB,RA_Pace
SB Dubey,LHB,LA_Pace
MA Wood,RHB,RA_Pace
PP Ojha,LHB,LA_Orthodox
Mohammad Nabi,RHB,RA_Offspin
DJ Harris,RHB,RA_Pace
Aman Hakim Khan,RHB,RA_Pace
Rashid Khan,RHB,Wrist_Spin
AD Hales,RHB,None
N Jagadeesan,RHB,None
R Sanjay Yadav,LHB,LA_Orthodox
RJ Gleeson,RHB,RA_Pace
OC McCoy,LHB,LA_Pace
PWH de Silva,RHB,Wrist_Spin
SP Narine,LHB,RA_Offspin
SH Johnson,LHB,LA_Pace
KS Williamson,RHB,None
BB Samantray,RHB,RA_Pace
GHS Garton,LHB,LA_Pace
KC Cariappa,RHB,Wrist_Spin
Liton Das,RHB,None
MG Johnson,LHB,LA_Pace
AS Yadav,RHB,None
WD Parnell,LHB,LA_Pace
Abdul Basith,RHB,RA_Offspin
SE Marsh,LHB,None
LA Pomersbach,LHB,None
E Malinga,RHB,RA_Pace
MS Wade,LHB,None
SU Parakh,LHB,LA_Orthodox
AG Murtaza,LHB,LA_Orthodox
SM Katich,RHB,None
R Ashwin,RHB,RA_Offspin
Jalaj S Saxena,RHB,RA_Offspin
A Nortje,RHB,RA_Pace
PC Valthaty,RHB,RA_Offspin
B Laughlin,RHB,RA_Pace
Iqbal Abdulla,LHB,LA_Orthodox
MDKJ Perera,LHB,None
JJ Roy,RHB,None
P Dubey,RHB,Wrist_Spin
BR Dunk,LHB,None
PA Reddy,RHB,RA_Offspin
RV Patel,RHB,RA_Offspin
HF Gurney,RHB,LA_Pace
SB Joshi,LHB,LA_Orthodox
RJ Harris,RHB,RA_Pace
JO Holder,RHB,RA_Pace
A Chopra,RHB,None
P Ray Barman,RHB,Wrist_Spin
AJ Tye,RHB,RA_Pace
PJ Cummins,RHB,RA_Pace
O Thomas,LHB,RA_Pace
D Brevis,RHB,Wrist_Spin
RJ Quiney,LHB,None
Fazalhaq Farooqi,RHB,LA_Pace
A Dananjaya,LHB,RA_Offspin
Y Gnaneswara Rao,RHB,None
MG Bracewell,LHB,RA_Offspin
Ashok Sharma,RHB,RA_Pace
MJ Guptill,RHB,None
Gurnoor Brar,LHB,RA_Pace
MM Sharma,RHB,RA_Pace
C de Grandhomme,RHB,RA_Pace
Priyansh Arya,LHB,None
HC Brook,RHB,None
DW Steyn,RHB,RA_Pace
Sumit Kumar,RHB,RA_Pace
Shivam Sharma,RHB,RA_Offspin
A Ashish Reddy,RHB,RA_Pace
Dhruv Jurel,RHB,None
J Little,RHB,RA_Pace
SPD Smith,RHB,Wrist_Spin
AF Milne,RHB,RA_Pace
BR Sharath,RHB,None
M de Lange,RHB,RA_Pace
Harbhajan Singh,RHB,RA_Offspin
MW Short,RHB,RA_Offspin
MD Mishra,RHB,None
SK Raina,LHB,LA_Orthodox
T Taibu,RHB,None
A Nel,RHB,RA_Pace
V Puthur,RHB,LA_Orthodox
CK Langeveldt,RHB,RA_Pace
SK Rasheed,RHB,None
BAW Mendis,RHB,Wrist_Spin
Yudhvir Singh,RHB,RA_Pace
Prince Yadav,RHB,RA_Pace
RP Singh,RHB,LA_Pace
DT Christian,RHB,RA_Pace
AG Paunikar,RHB,None
M Rawat,RHB,None
XC Bartlett,RHB,RA_Pace
BA Bhatt,LHB,LA_Orthodox
SZ Mulani,LHB,LA_Orthodox
Abdul Samad,RHB,RA_Offspin
CJ McKay,RHB,RA_Pace
SR Watson,RHB,RA_Pace
NA Saini,RHB,RA_Pace
AD Nath,RHB,None
P Suyal,RHB,LA_Pace
Parvez Rasool,RHB,RA_Offspin
K Rabada,LHB,RA_Pace
MS Dhoni,RHB,None
Karanveer Singh,RHB,Wrist_Spin
SM Pollock,RHB,RA_Pace
VG Arora,RHB,LA_Pace
PVSN Raju,LHB,LA_Orthodox
PV Tambe,RHB,Wrist_Spin
RD Chahar,RHB,Wrist_Spin
H Das,RHB,None
DS Rathi,RHB,RA_Pace
MM Ali,LHB,RA_Offspin
Shahbaz Ahmed,LHB,LA_Orthodox
DAJ Bracewell,LHB,RA_Pace
SK Trivedi,RHB,RA_Pace
Mohsin Khan,LHB,LA_Pace
R Dravid,RHB,None
KV Sharma,LHB,Wrist_Spin
M Prasidh Krishna,RHB,RA_Pace
Avesh Khan,RHB,RA_Pace
S Dube,LHB,RA_Pace
Misbah-ul-Haq,RHB,None
AD Mascarenhas,RHB,RA_Pace
C Madan,RHB,None
Sunny Singh,RHB,None
SK Warne,RHB,Wrist_Spin
KA Maharaj,RHB,LA_Orthodox
DJ Malan,LHB,RA_Offspin
NJ Rimmington,RHB,RA_Pace
SM Harwood,RHB,RA_Pace
M Shahrukh Khan,RHB,RA_Offspin
JE Root,RHB,RA_Offspin
FY Fazal,LHB,None
TH David,RHB,RA_Offspin
LB Williams,RHB,RA_Pace
DT Patil,RHB,RA_Offspin
Z Khan,LHB,LA_Pace
R Ravindra,LHB,LA_Orthodox
AS Joseph,RHB,RA_Pace
B Indrajith,RHB,None
TD Paine,RHB,None
JL Denly,RHB,RA_Offspin
F du Plessis,RHB,RA_Offspin
Tilak Varma,LHB,RA_Offspin
Gagandeep Singh,RHB,RA_Pace
JH Kallis,RHB,RA_Pace
V Pratap Singh,RHB,RA_Pace
R Vinay Kumar,RHB,RA_Pace
P Sahu,RHB,Wrist_Spin
Gurkeerat Singh,RHB,RA_Offspin
P Kumar,RHB,RA_Pace
WG Jacks,RHB,RA_Offspin
TK Curran,RHB,RA_Pace
Mashrafe Mortaza,RHB,RA_Pace
Kamran Akmal,RHB,None
Shoaib Malik,RHB,RA_Offspin
MN van Wyk,LHB,None
GF Linde,LHB,LA_Orthodox
JR Hopes,RHB,RA_Pace
Auqib Nabi,RHB,RA_Pace
MS Bisla,RHB,None
SR Dubey,RHB,RA_Pace
SS Cottrell,RHB,LA_Pace
SP Goswami,LHB,None
S Narwal,RHB,RA_Pace
Ashutosh Sharma,RHB,None
NS Naik,RHB,None
AA Kulkarni,RHB,None
LH Ferguson,RHB,RA_Pace
KM Jadhav,RHB,RA_Offspin
KK Nair,RHB,RA_Offspin
PHKD Mendis,RHB,Wrist_Spin
Sanvir Singh,RHB,RA_Pace
AR Bawne,RHB,None
Abdur Razzak,LHB,LA_Orthodox
DJ Jacobs,RHB,None
MS Bhandage,RHB,RA_Pace
STR Binny,RHB,RA_Pace
P Negi,LHB,LA_Orthodox
S Chanderpaul,LHB,Wrist_Spin
DE Bollinger,LHB,LA_Pace
RS Bopara,RHB,RA_Pace
KK Cooper,RHB,RA_Pace
R Sathish,RHB,RA_Medium
Karim Janat,RHB,RA_Pace
YV Takawale,RHB,None
AA Noffke,RHB,RA_Pace
Mohammed Shami,RHB,RA_Pace
Sandeep Sharma,RHB,RA_Pace
JA Richardson,RHB,RA_Pace
N Burger,LHB,LA_Pace
R Goyal,RHB,LA_Orthodox
K Goel,LHB,RA_Offspin
LE Plunkett,RHB,RA_Pace
UBT Chand,RHB,None
MK Tiwary,RHB,RA_Offspin
Virat Singh,LHB,None
DJG Sammy,RHB,RA_Pace
L Ngidi,RHB,RA_Pace
P Dogra,RHB,None
VRV Singh,RHB,RA_Pace
C Ganapathy,RHB,RA_Pace
Monu Kumar,RHB,RA_Pace
M Muralitharan,RHB,RA_Offspin
S Randiv,RHB,RA_Offspin
BA Stokes,LHB,RA_Pace
KMA Paul,RHB,RA_Pace
Tanush Kotian,RHB,RA_Offspin
L Wood,LHB,LA_Pace
NJ Maddinson,LHB,LA_Orthodox
KW Richardson,RHB,RA_Pace
N Sindhu,LHB,LA_Orthodox
R Bishnoi,RHB,Wrist_Spin
SL Malinga,RHB,RA_Pace
Gulbadin Naib,RHB,RA_Pace
PWA Mulder,RHB,RA_Pace
Kartik Sharma,RHB,None
PJ Sangwan,LHB,LA_Pace
CR Brathwaite,RHB,RA_Pace
RA Tripathi,RHB,RA_Offspin
AC Voges,RHB,LA_Orthodox
S Sohal,RHB,None
Abhinandan Singh,RHB,RA_Pace
MP Yadav,RHB,RA_Pace
DJ Hooda,RHB,RA_Offspin
T Henderson,RHB,RA_Pace
PN Mankad,LHB,RA_Pace
DM Bravo,LHB,None
FH Edwards,RHB,RA_Pace
CH Morris,RHB,RA_Pace
VS Yeligati,RHB,Wrist_Spin
B Akhil,RHB,RA_Pace
V Kaverappa,RHB,RA_Pace
NK Patel,RHB,None
K Khejroliya,LHB,LA_Pace
IK Pathan,LHB,LA_Pace
YA Abdulla,LHB,LA_Pace
Mohammad Hafeez,RHB,RA_Offspin
M Morkel,LHB,RA_Pace
D du Preez,RHB,RA_Pace
Younis Khan,RHB,RA_Offspin
BW Hilfenhaus,RHB,RA_Pace
GD Phillips,RHB,RA_Offspin
Vivrant Sharma,LHB,LA_Orthodox
B Chipli,RHB,None
Ankit Soni,RHB,Wrist_Spin
SA Yadav,RHB,RA_Offspin
Zeeshan Ansari,RHB,Wrist_Spin
Shoaib Akhtar,RHB,RA_Pace
NT Ellis,RHB,RA_Pace
RD Gaikwad,RHB,RA_Offspin
BE Hendricks,RHB,RA_Pace
KC Sangakkara,LHB,None
DG Nalkande,RHB,RA_Pace
Yuvraj Singh,LHB,LA_Orthodox
AB Barath,RHB,RA_Offspin
Ankit Sharma,LHB,LA_Orthodox
MA Starc,LHB,LA_Pace
LS Livingstone,RHB,Wrist_Spin
KS Bharat,RHB,None
Shubman Gill,RHB,RA_Offspin
Arshdeep Singh,LHB,LA_Pace
DA Payne,RHB,LA_Pace
AM Rahane,RHB,RA_Offspin
RP Meredith,RHB,RA_Pace
JM Kemp,RHB,RA_Pace
S Lamichhane,RHB,Wrist_Spin
Kamran Khan,LHB,LA_Pace
Salil Arora,RHB,None
I Sharma,RHB,RA_Pace
A Singh,RHB,RA_Pace
Sachin Baby,LHB,RA_Offspin
Naveen-ul-Haq,RHB,RA_Pace
TA Boult,RHB,LA_Pace
T Shamsi,RHB,Wrist_Spin
NB Singh,RHB,RA_Pace
DS Kulkarni,RHB,RA_Pace
WP Saha,RHB,None
JD Ryder,LHB,RA_Pace
AJ Turner,RHB,RA_Offspin
TG Southee,RHB,RA_Pace
F Behardien,RHB,RA_Pace
S Midhun,RHB,Wrist_Spin
UT Khawaja,LHB,RA_Offspin
SS Shaikh,RHB,RA_Offspin
AP Dole,RHB,RA_Pace
RJ Peterson,LHB,LA_Orthodox
Anmolpreet Singh,RHB,None
Mustafizur Rahman,LHB,LA_Pace
Basil Thampi,RHB,RA_Pace
D Pretorius,RHB,RA_Pace
JW Hastings,RHB,RA_Pace
Ashwani Kumar,RHB,RA_Pace
MB Parmar,RHB,LA_Orthodox
DJ Muthuswami,RHB,RA_Pace
Akash Singh,RHB,LA_Pace
IC Pandey,RHB,RA_Pace
P Parameswaran,RHB,LA_Pace
G Coetzee,RHB,RA_Pace
Yash Dayal,LHB,LA_Pace
RK Singh,LHB,RA_Offspin
Shivam Mavi,RHB,RA_Pace
UT Yadav,RHB,RA_Pace
KJ Abbott,RHB,RA_Pace
Saurav Chauhan,LHB,None
Pankaj Singh,RHB,RA_Pace
CV Varun,RHB,Wrist_Spin
PP Chawla,LHB,Wrist_Spin
V Shankar,RHB,RA_Pace
DR Martyn,RHB,RA_Offspin
Mujeeb Ur Rahman,RHB,RA_Offspin
JP Behrendorff,RHB,LA_Pace
SD Hope,RHB,None
PP Hinge,RHB,RA_Pace
VY Mahesh,RHB,RA_Pace
AP Majumdar,LHB,None
Suyash Sharma,RHB,Wrist_Spin
JA Duffy,RHB,RA_Pace
A Mishra,RHB,Wrist_Spin
WPUJC Vaas,LHB,LA_Pace
DP Conway,LHB,None
NL McCullum,RHB,RA_Offspin
TU Deshpande,RHB,RA_Pace
P Amarnath,RHB,RA_Pace
RR Bose,RHB,RA_Pace
Simarjeet Singh,RHB,RA_Pace
SS Mishra,RHB,RA_Pace
Anand Rajan,RHB,RA_Pace
SN Khan,RHB,RA_Offspin
WA Mota,RHB,RA_Pace
AJ Hosein,LHB,LA_Orthodox
B Muzarabani,RHB,RA_Pace
DB Ravi Teja,RHB,RA_Offspin
PP Shaw,RHB,None
M Ashwin,RHB,Wrist_Spin
SC Ganguly,LHB,LA_Orthodox
TM Dilshan,RHB,RA_Offspin
SR Tendulkar,RHB,RA_Offspin
Y Prithvi Raj,LHB,LA_Pace
TM Head,LHB,RA_Offspin
N Saini,RHB,RA_Pace
T Banton,RHB,None
Mayank Dagar,RHB,LA_Orthodox
NV Ojha,RHB,None
AA Jhunjhunwala,RHB,RA_Offspin
JA Morkel,LHB,RA_Pace
JM Bairstow,RHB,None
N Wadhera,LHB,RA_Offspin
RA Shaikh,RHB,RA_Pace
GC Viljoen,RHB,RA_Pace
A Kamboj,RHB,RA_Pace
Salman Butt,LHB,RA_Offspin
RA Bawa,RHB,RA_Pace
DA Warner,LHB,None
SSB Magala,RHB,RA_Pace
MV Boucher,RHB,None
M Klinger,RHB,RA_Pace
M Manhas,RHB,RA_Offspin
ND Doshi,LHB,LA_Orthodox
C Bosch,RHB,RA_Pace
EJG Morgan,LHB,None
RR Pant,LHB,None
SS Sarkar,RHB,RA_Pace
KM Asif,RHB,RA_Pace
SM Boland,RHB,RA_Pace
Sameer Rizvi,RHB,None
N Pooran,LHB,None
S Sriram,LHB,LA_Orthodox
MP Stoinis,RHB,RA_Pace
A Zampa,RHB,Wrist_Spin
KR Sen,RHB,RA_Pace
Ramandeep Singh,RHB,RA_Pace
MEK Hussey,LHB,RA_Offspin
PK Garg,RHB,None
LMP Simmons,RHB,RA_Pace
Akash Deep,RHB,RA_Pace
IR Jaggi,RHB,RA_Offspin
TL Seifert,RHB,None
DJM Short,LHB,Wrist_Spin
GJ Maxwell,RHB,RA_Offspin
Yash Thakur,RHB,RA_Pace
C Sakariya,LHB,LA_Pace
RW Price,RHB,LA_Orthodox
DP Nannes,LHB,LA_Pace
SB Bangar,RHB,RA_Pace
AA Chavan,LHB,LA_Orthodox
A Tomar,RHB,None
RG More,RHB,RA_Pace
A Nehra,RHB,LA_Pace
MP Breetzke,RHB,None
MG Neser,RHB,RA_Pace
D Salunkhe,RHB,Wrist_Spin
Vijaykumar Vyshak,RHB,RA_Pace
SO Hetmyer,LHB,None
MR Marsh,RHB,RA_Pace
GD McGrath,RHB,RA_Pace
Y Nagar,RHB,RA_Offspin
S Nadeem,RHB,LA_Orthodox
SS Tiwary,LHB,None
KS Sharma,LHB,Wrist_Spin
C Munro,LHB,RA_Pace
M Pathirana,RHB,RA_Pace
S Badree,RHB,RA_Offspin
JP Duminy,LHB,RA_Offspin
AB Dinda,RHB,RA_Pace
W O'Rourke,RHB,RA_Pace
SP Jackson,RHB,None
HM Amla,RHB,None
A Manohar,RHB,None
Noor Ahmad,RHB,Wrist_Spin
RT Ponting,RHB,None
B Stanlake,LHB,RA_Pace
HR Shokeen,RHB,RA_Offspin
AUK Pathan,RHB,RA_Offspin
P Nissanka,RHB,None
JDP Oram,LHB,RA_Pace
Ravi Bishnoi,RHB,Wrist_Spin
CA Ingram,LHB,RA_Offspin
Arshad Khan (2),LHB,LA_Pace
V Sehwag,RHB,RA_Offspin
Yash Raj Punja,RHB,RA_Pace
RG Sharma,RHB,RA_Offspin
K Yadav,LHB,Wrist_Spin
Y Venugopal Rao,RHB,RA_Offspin
CJ Jordan,RHB,RA_Pace
RE van der Merwe,RHB,LA_Orthodox
T Natarajan,LHB,LA_Pace
H Klaasen,RHB,None
PBB Rajapaksa,LHB,None
Harmeet Singh,LHB,LA_Orthodox
Joginder Sharma,RHB,RA_Pace
ML Hayden,LHB,None
ER Dwivedi,RHB,None
SJ Srivastava,RHB,LA_Pace
Sohail Tanvir,LHB,LA_Pace
L Balaji,RHB,RA_Pace
S Arora,RHB,RA_Pace
S Rana,RHB,RA_Pace
AS Roy,RHB,LA_Orthodox
RS Hangargekar,RHB,RA_Pace
Mohammad Ashraful,RHB,RA_Offspin
B Lee,RHB,RA_Pace
KP Pietersen,RHB,RA_Offspin
PSP Handscomb,RHB,None
BJ Dwarshuis,LHB,LA_Pace
M Vijay,RHB,RA_Offspin
VS Malik,RHB,RA_Pace
KP Appanna,RHB,LA_Orthodox
M Theekshana,RHB,RA_Offspin
U Kaul,LHB,None
RR Bhatkal,RHB,RA_Pace
Mandeep Singh,RHB,RA_Pace
DR Smith,RHB,RA_Pace
DP Vijaykumar,RHB,RA_Pace
DPMD Jayawardene,RHB,RA_Offspin
JR Hazlewood,LHB,RA_Pace
Q de Kock,LHB,None
AD Mathews,RHB,RA_Pace
TL Suman,RHB,RA_Offspin
RR Raje,RHB,RA_Pace
Nithish Kumar Reddy,RHB,RA_Pace
RK Bhui,RHB,None
K Upadhyay,RHB,RA_Pace
DL Vettori,LHB,LA_Orthodox
JC Archer,RHB,RA_Pace
W Jaffer,RHB,RA_Offspin
J Overton,RHB,RA_Pace
T Stubbs,RHB,RA_Offspin
A Flintoff,RHB,RA_Pace
M Vohra,RHB,None
JG Bethell,LHB,LA_Orthodox
DR Sams,RHB,LA_Pace
R McLaren,LHB,RA_Pace
Harpreet Brar,LHB,LA_Orthodox
JL Pattinson,LHb,RA_Pace
DB Das,RHB,RA_Offspin
YBK Jaiswal,LHB,LA_Orthodox
RM Patidar,RHB,RA_Offspin
A Uniyal,RHB,RA_Pace
R Rampaul,LHB,RA_Pace
SE Rutherford,LHB,RA_Pace
RS Gavaskar,LHB,LA_Orthodox
CK Kapugedera,RHB,RA_Offspin
AN Ahmed,RHB,RA_Pace
PA Patel,LHB,None
CRD Fernando,RHB,RA_Pace
SV Samson,RHB,None
AK Markram,RHB,RA_Offspin
MS Gony,RHB,RA_Pace
JJ Bumrah,RHB,RA_Pace
DJ Willey,LHB,LA_Pace
RV Gomez,RHB,RA_Pace
Mukesh Kumar,RHB,RA_Pace
SS Agarwal,RHB,None
ST Jayasuriya,LHB,LA_Orthodox
LJ Wright,RHB,RA_Pace
DA Miller,LHB,None
FA Allen,RHB,Wrist_Spin
Shashank Singh,RHB,RA_Offspin
SB Jakati,LHB,LA_Orthodox
Harsh Dubey,LHB,LA_Orthodox
AT Carey,LHB,None
KL Nagarkoti,RHB,RA_Pace
G Gambhir,LHB,None
JJ van der Wath,RHB,RA_Pace
CJ Green,RHB,RA_Offspin
K Santokie,LHB,LA_Pace
SW Billings,RHB,None
J Syed Mohammad,LHB,LA_Orthodox
KL Rahul,RHB,None
AB de Villiers,RHB,None
T Vijay,RHB,RA_Offspin
MA Khote,RHB,RA_Pace
Shoaib Ahmed,RHB,RA_Pace
Kuldeep Yadav,LHB,Wrist_Spin
R Shepherd,RHB,RA_Pace
KA Pollard,RHB,RA_Pace
V Suryavanshi,LHB,None
Atharva Taide,LHB,LA_Orthodox
SS Prabhudessai,RHB,None
RJW Topley,RHB,LA_Pace
Naman Dhir,RHB,RA_Offspin
Kartik Tyagi,RHB,RA_Pace
Urvil Patel,RHB,None
AS Raut,RHB,RA_Offspin
AL Menaria,LHB,LA_Orthodox
MJ Clarke,RHB,Wrist_Spin
VH Zol,LHB,None
I Udana,RHB,RA_Pace
R Sai Kishore,LHB,LA_Orthodox
JEC Franklin,LHB,LA_Pace
MC Juneja,RHB,None
SA Abbott,RHB,RA_Pace
Jaskaran Singh,RHB,RA_Pace
IC Porel,RHB,RA_Pace
DJ Thornely,RHB,RA_Pace
DS Lehmann,LHB,LA_Orthodox
KK Ahmed,RHB,LA_Pace
RD Rickelton,LHB,None
NM Coulter-Nile,RHB,RA_Pace
PM Sarvesh Kumar,RHB,RA_Pace
LG Pretorius,RHB,None
AU Rashid,RHB,Wrist_Spin
Swapnil Singh,RHB,LA_Orthodox
M Siddharth,RHB,LA_Orthodox
JE Taylor,RHB,RA_Pace
Arjun Tendulkar,LHB,LA_Pace
CH Gayle,LHB,RA_Offspin
MC Henriques,RHB,RA_Pace
Umar Gul,RHB,RA_Pace
T Thushara,RHB,RA_Pace
SD Chitnis,RHB,RA_Offspin
DJ Hussey,RHB,RA_Offspin
SS Iyer,RHB,Leg_Spin
A Mukund,LHB,None
Mohammad Asif,RHB,RA_Pace
S Kaul,RHB,RA_Pace
J Arunkumar,RHB,None
J Theron,RHB,RA_Pace
A Choudhary,RHB,LA_Pace
SA Asnodkar,RHB,None
TM Srivastava,LHB,None
R Tewatia,LHB,Wrist_Spin
Umran Malik,RHB,RA_Pace
BMAJ Mendis,LHB,Wrist_Spin
Kumar Kushagra,RHB,None
AC Thomas,RHB,RA_Pace
Raghu Sharma,RHB,Wrist_Spin
C Green,RHB,RA_Pace
GC Smith,LHB,RA_Offspin
AC Blizzard,LHB,None
X Thalaivan Sargunam,RHB,None
M Jansen,RHB,LA_Pace
SD Lad,RHB,LA_Orthodox
BJ Hodge,RHB,RA_Offspin
S Vidyut,LHB,LA_Orthodox
Shivang Kumar,RHB,RA_Offspin
Washington Sundar,LHB,RA_Offspin
S Ladda,RHB,Wrist_Spin
Bipul Sharma,LHB,LA_Orthodox
AR Patel,LHB,LA_Orthodox
A Badoni,RHB,RA_Offspin
CJ Anderson,LHB,LA_Pace
PD Collingwood,RHB,RA_Pace
HV Patel,RHB,RA_Pace
AA Kazi,LHB,LA_Orthodox
V Kohli,RHB,RA_Offspin
RN ten Doeschate,RHB,RA_Pace
AS Rajpoot,RHB,RA_Pace
R Bhatia,RHB,RA_Pace
