name,batting_hand,bowler_cat
A Ashish Reddy,RHB,RA_Pace
A Badoni,RHB,RA_Offspin
A Chandila,RHB,RA_Offspin
A Chopra,RHB,
A Choudhary,RHB,LA_Pace
A Dananjaya,RHB,RA_Offspin
A Flintoff,RHB,RA_Pace
A Kamboj,RHB,RA_Pace
A Kumble,RHB,Wrist_Spin
A Manohar,RHB,
A Mhatre,RHB,
A Mishra,RHB,Wrist_Spin
A Mithun,RHB,RA_Pace
A Mukund,LHB,
A Nehra,RHB,LA_Pace
A Nortje,RHB,RA_Pace
A Raghuvanshi,RHB,
A Singh,RHB,RA_Pace
A Symonds,RHB,RA_Offspin
A Tomar,RHB,
A Uniyal,RHB,RA_Pace
A Zampa,RHB,Wrist_Spin
AA Bilakhia,RHB,
AA Chavan,LHB,LA_Orthodox
AA Jhunjhunwala,RHB,RA_Offspin
AA Kulkarni,RHB,
AA Noffke,RHB,RA_Pace
AB Agarkar,RHB,RA_Pace
AB Barath,RHB,
AB Dinda,RHB,RA_Pace
AB McDonald,RHB,RA_Pace
AB de Villiers,RHB,
AC Blizzard,LHB,
AC Gilchrist,LHB,RA_Offspin
AC Thomas,RHB,RA_Pace
AC Voges,RHB,LA_Orthodox
AD Hales,RHB,
AD Mascarenhas,RHB,RA_Pace
AD Mathews,RHB,RA_Pace
AD Nath,RHB,
AD Russell,RHB,RA_Pace
AF Milne,RHB,RA_Pace
AG Murtaza,LHB,LA_Orthodox
AG Paunikar,RHB,
AJ Finch,RHB,LA_Orthodox
AJ Hosein,LHB,LA_Orthodox
AJ Turner,RHB,
AJ Tye,RHB,RA_Pace
AK Markram,RHB,RA_Offspin
AL Menaria,LHB,LA_Orthodox
AM Ghazanfar,RHB,RA_Offspin
AM Nayar,LHB,RA_Pace
AM Rahane,RHB,RA_Offspin
AN Ahmed,RHB,LA_Pace
AN Ghosh,RHB,
AP Dole,RHB,LA_Pace
AP Majumdar,RHB,
AP Tare,RHB,
AR Bawne,RHB,
AR Patel,LHB,LA_Orthodox
AS Joseph,RHB,RA_Pace
AS Rajpoot,RHB,RA_Pace
AS Raut,RHB,RA_Offspin
AS Roy,RHB,LA_Orthodox
AS Yadav,RHB,
AT Carey,LHB,
AT Rayudu,RHB,
AU Rashid,RHB,Wrist_Spin
AUK Pathan,RHB,RA_Offspin
Abdul Basith,RHB,
Abdul Samad,RHB,RA_Offspin
Abdur Razzak,LHB,LA_Orthodox
Abhishek Sharma,LHB,LA_Orthodox
Abishek Porel,LHB,
Akash Deep,RHB,RA_Pace
Akash Madhwal,RHB,RA_Pace
Akshat Raghuwanshi,RHB,
Aman Hakim Khan,RHB,RA_Pace
Aniket Verma,RHB,
Anirudh Singh,RHB,
Ankit Sharma,LHB,LA_Orthodox
Ankit Soni,RHB,Wrist_Spin
Anmolpreet Singh,RHB,
Anuj Rawat,LHB,
Anureet Singh,RHB,RA_Pace
Arjun Tendulkar,LHB,LA_Pace
Arshad Khan,LHB,LA_Pace
Arshad Khan (2),LHB,LA_Pace
Arshdeep Singh,LHB,LA_Pace
Ashok Sharma,RHB,RA_Pace
Ashutosh Sharma,RHB,
Ashwani Kumar,RHB,RA_Pace
Atharva Taide,LHB,LA_Orthodox
Auqib Nabi,RHB,RA_Pace
Avesh Khan,RHB,RA_Pace
Azhar Mahmood,RHB,RA_Pace
Azmatullah Omarzai,RHB,RA_Pace
B Akhil,RHB,RA_Pace
B Chipli,RHB,RA_Pace
B Indrajith,RHB,
B Kumar,RHB,RA_Pace
B Laughlin,RHB,RA_Pace
B Lee,RHB,RA_Pace
B Sai Sudharsan,LHB,
B Stanlake,RHB,RA_Pace
B Sumanth,RHB,
BA Bhatt,LHB,LA_Orthodox
BA Stokes,LHB,RA_Pace
BAW Mendis,RHB,Wrist_Spin
BB McCullum,RHB,
BB Samantray,RHB,
BB Sran,LHB,LA_Pace
BCJ Cutting,RHB,RA_Pace
BE Hendricks,LHB,LA_Pace
BJ Haddin,RHB,
BJ Hodge,RHB,RA_Offspin
BJ Rohrer,RHB,Wrist_Spin
BKG Mendis,RHB,
BMAJ Mendis,LHB,LA_Orthodox
BR Dunk,LHB,
BR Sharath,RHB,
Basil Thampi,RHB,RA_Pace
Bipul Sharma,LHB,LA_Orthodox
Brijesh Sharma,RHB,RA_Pace
C Bosch,RHB,RA_Pace
C Connolly,LHB,
C Green,RHB,RA_Pace
C Madan,RHB,
C Munro,LHB,RA_Pace
C Nanda,RHB,Wrist_Spin
C Sakariya,LHB,LA_Pace
C de Grandhomme,RHB,RA_Pace
CA Ingram,LHB,
CA Lynn,RHB,
CA Pujara,RHB,
CH Gayle,LHB,RA_Offspin
CH Morris,RHB,RA_Pace
CJ Anderson,LHB,LA_Pace
CJ Ferguson,RHB,
CJ Jordan,RHB,RA_Pace
CJ McKay,RHB,RA_Pace
CK Kapugedera,RHB,RA_Offspin
CK Langeveldt,RHB,RA_Pace
CL White,RHB,Wrist_Spin
CM Gautam,RHB,
CR Brathwaite,RHB,RA_Pace
CR Woakes,RHB,RA_Pace
CRD Fernando,RHB,RA_Pace
CV Varun,RHB,Wrist_Spin
D Brevis,RHB,Wrist_Spin
D Ferreira,RHB,RA_Offspin
D Kalyankrishna,RHB,RA_Pace
D Padikkal,LHB,
D Pretorius,RHB,RA_Pace
D Salunkhe,RHB,Wrist_Spin
D Wiese,RHB,RA_Pace
D du Preez,RHB,RA_Pace
DA Miller,LHB,
DA Payne,RHB,LA_Pace
DA Warner,LHB,Wrist_Spin
DAJ Bracewell,LHB,RA_Pace
DB Das,RHB,
DB Ravi Teja,RHB,Wrist_Spin
DE Bollinger,LHB,LA_Pace
DG Nalkande,RHB,RA_Pace
DH Yagnik,LHB,
DJ Bravo,RHB,RA_Pace
DJ Harris,RHB,RA_Pace
DJ Hooda,RHB,RA_Offspin
DJ Hussey,RHB,RA_Offspin
DJ Jacobs,RHB,
DJ Malan,LHB,
DJ Mitchell,RHB,RA_Pace
DJ Muthuswami,RHB,RA_Pace
DJ Thornely,RHB,RA_Offspin
DJ Willey,LHB,LA_Pace
DJG Sammy,RHB,RA_Pace
DJM Short,LHB,Wrist_Spin
DL Chahar,RHB,RA_Pace
DL Vettori,LHB,LA_Orthodox
DM Bravo,LHB,
DNT Zoysa,LHB,LA_Pace
DP Conway,LHB,
DP Nannes,LHB,LA_Pace
DP Vijaykumar,RHB,RA_Pace
DPMD Jayawardene,RHB,
DR Martyn,RHB,
DR Sams,RHB,LA_Pace
DR Shorey,RHB,
DR Smith,RHB,RA_Pace
DS Kulkarni,RHB,RA_Pace
DS Lehmann,LHB,
DS Rathi,RHB,RA_Pace
DT Christian,RHB,RA_Pace
DT Patil,RHB,
DV Malewar,RHB,
DW Steyn,RHB,RA_Pace
Dhruv Jurel,RHB,
E Lewis,LHB,
E Malinga,RHB,RA_Pace
EJG Morgan,LHB,
ER Dwivedi,RHB,
F Behardien,RHB,
F du Plessis,RHB,Wrist_Spin
FA Allen,RHB,LA_Orthodox
FH Allen,RHB,
FH Edwards,RHB,RA_Pace
FY Fazal,LHB,RA_Pace
Fazalhaq Farooqi,RHB,LA_Pace
G Coetzee,RHB,RA_Pace
G Gambhir,LHB,
GB Hogg,LHB,Wrist_Spin
GC Smith,LHB,
GC Viljoen,RHB,RA_Pace
GD McGrath,RHB,RA_Pace
GD Phillips,RHB,RA_Offspin
GF Linde,LHB,LA_Orthodox
GH Vihari,RHB,RA_Offspin
GHS Garton,LHB,LA_Pace
GJ Bailey,RHB,
GJ Maxwell,RHB,RA_Offspin
GR Napier,RHB,RA_Pace
Gulbadin Naib,RHB,RA_Pace
Gurkeerat Singh,RHB,RA_Offspin
H Das,RHB,
H Klaasen,RHB,
HC Brook,RHB,
HE van der Dussen,RHB,
HF Gurney,RHB,LA_Pace
HH Gibbs,RHB,
HH Pandya,RHB,RA_Pace
HM Amla,RHB,
HR Shokeen,RHB,RA_Offspin
HV Patel,RHB,RA_Pace
Harbhajan Singh,RHB,RA_Offspin
Harmeet Singh,LHB,LA_Orthodox
Harpreet Brar,LHB,LA_Orthodox
Harpreet Singh,LHB,
Harsh Dubey,LHB,LA_Orthodox
Harshit Rana,RHB,RA_Pace
Himmat Singh,RHB,
I Malhotra,RHB,RA_Pace
I Sharma,RHB,RA_Pace
I Udana,RHB,LA_Pace
IC Pandey,RHB,RA_Pace
IK Pathan,LHB,LA_Pace
IR Jaggi,RHB,
IS Sodhi,RHB,Wrist_Spin
Imran Tahir,RHB,Wrist_Spin
Iqbal Abdulla,LHB,LA_Orthodox
Ishan Kishan,LHB,RA_Offspin
J Arunkumar,RHB,
J Botha,RHB,RA_Offspin
J Fraser-McGurk,RHB,
J Overton,RHB,RA_Pace
J Suchith,LHB,LA_Orthodox
J Syed Mohammad,LHB,LA_Orthodox
J Theron,RHB,RA_Pace
J Yadav,RHB,RA_Offspin
JA Morkel,LHB,RA_Pace
JA Richardson,RHB,RA_Pace
JC Archer,RHB,RA_Pace
JC Buttler,RHB,
JD Ryder,LHB,RA_Pace
JD Unadkat,RHB,LA_Pace
JDP Oram,LHB,RA_Pace
JDS Neesham,LHB,RA_Pace
JE Root,RHB,RA_Offspin
JE Taylor,RHB,RA_Pace
JEC Franklin,LHB,LA_Pace
JG Bethell,LHB,
JH Kallis,RHB,RA_Pace
JJ Bumrah,RHB,RA_Pace
JJ Roy,RHB,
JJ van der Wath,RHB,RA_Pace
JL Denly,RHB,
JL Pattinson,LHB,RA_Pace
JM Bairstow,RHB,
JM Kemp,RHB,RA_Pace
JM Sharma,RHB,
JO Holder,RHB,RA_Pace
JP Behrendorff,RHB,LA_Pace
JP Duminy,LHB,RA_Offspin
JP Faulkner,RHB,LA_Pace
JP Inglis,RHB,
JPR Scantlebury-Searles,RHB,RA_Pace
JR Hazlewood,LHB,RA_Pace
JR Hopes,RHB,RA_Pace
JR Philippe,RHB,
Jaskaran Singh,RHB,RA_Pace
Joginder Sharma,RHB,RA_Pace
K Goel,LHB,RA_Offspin
K Gowtham,RHB,RA_Offspin
K Kartikeya,LHB,LA_Orthodox
K Rabada,LHB,RA_Pace
K Upadhyay,RHB,RA_Pace
K Yadav,LHB,Wrist_Spin
KA Jamieson,RHB,RA_Pace
KA Maharaj,RHB,LA_Orthodox
KA Pollard,RHB,RA_Pace
KAJ Roach,RHB,RA_Pace
KB Arun Karthik,RHB,
KC Cariappa,RHB,Wrist_Spin
KC Sangakkara,LHB,
KD Karthik,RHB,
KH Pandya,LHB,LA_Orthodox
KJ Abbott,RHB,RA_Pace
KK Ahmed,RHB,LA_Pace
KK Cooper,RHB,RA_Pace
KK Nair,RHB,
KL Nagarkoti,RHB,RA_Pace
KL Rahul,RHB,
KM Asif,RHB,RA_Pace
KM Jadhav,RHB,
KMA Paul,RHB,RA_Pace
KMDN Kulasekara,RHB,RA_Pace
KP Appanna,RHB,LA_Orthodox
KP Pietersen,RHB,RA_Offspin
KR Mayers,LHB,RA_Pace
KR Sen,RHB,RA_Pace
KS Bharat,RHB,
KS Rathore,LHB,
KS Sharma,LHB,
KS Williamson,RHB,RA_Offspin
KT Maphaka,LHB,LA_Pace
KV Sharma,LHB,Wrist_Spin
KW Richardson,RHB,RA_Pace
Kamran Akmal,RHB,
Kamran Khan,LHB,RA_Pace
Karanveer Singh,RHB,Wrist_Spin
Kartik Sharma,LHB,
Kartik Tyagi,RHB,RA_Pace
Krish Bhagat,RHB,RA_Pace
Kuldeep Yadav,LHB,Wrist_Spin
Kumar Kushagra,RHB,
L Ablish,RHB,RA_Pace
L Balaji,RHB,RA_Pace
L Ngidi,RHB,RA_Pace
L Ronchi,RHB,
L Wood,LHB,LA_Pace
LA Carseldine,RHB,RA_Pace
LA Pomersbach,LHB,
LB Williams,RHB,RA_Pace
LE Plunkett,RHB,RA_Pace
LG Pretorius,RHB,
LH Ferguson,RHB,RA_Pace
LJ Wright,RHB,RA_Pace
LMP Simmons,RHB,RA_Pace
LPC Silva,RHB,Wrist_Spin
LR Shukla,RHB,RA_Pace
LRPL Taylor,RHB,RA_Offspin
LS Livingstone,RHB,Wrist_Spin
Lalit Yadav,RHB,RA_Offspin
Liton Das,RHB,
M Ashwin,RHB,Wrist_Spin
M Jansen,RHB,LA_Pace
M Kaif,RHB,
M Kartik,LHB,LA_Orthodox
M Klinger,RHB,
M Manhas,RHB,RA_Offspin
M Markande,RHB,Wrist_Spin
M Morkel,LHB,RA_Pace
M Muralitharan,RHB,RA_Offspin
M Ntini,RHB,RA_Pace
M Prasidh Krishna,RHB,RA_Pace
M Rawat,RHB,
M Shahrukh Khan,RHB,RA_Offspin
M Theekshana,RHB,RA_Offspin
M Tiwari,RHB,RA_Offspin
M Vijay,RHB,RA_Offspin
M Vohra,RHB,
M de Lange,RHB,RA_Pace
MA Agarwal,RHB,
MA Khote,RHB,RA_Pace
MA Starc,LHB,LA_Pace
MA Wood,RHB,RA_Pace
MC Henriques,RHB,RA_Pace
MC Juneja,RHB,
MD Choudhary,RHB,
MD Mishra,RHB,
MD Shanaka,RHB,RA_Pace
MDKJ Perera,LHB,
MEK Hussey,LHB,
MF Maharoof,RHB,RA_Pace
MG Bracewell,LHB,RA_Offspin
MG Johnson,LHB,LA_Pace
MJ Clarke,RHB,Wrist_Spin
MJ Guptill,RHB,
MJ Henry,RHB,RA_Pace
MJ Lumb,LHB,
MJ McClenaghan,LHB,LA_Pace
MJ Owen,LHB,
MJ Santner,LHB,LA_Orthodox
MJ Suthar,LHB,LA_Orthodox
MK Lomror,LHB,LA_Orthodox
MK Pandey,RHB,
MK Tiwary,RHB,RA_Offspin
ML Hayden,LHB,
MM Ali,LHB,RA_Offspin
MM Patel,RHB,RA_Pace
MM Sharma,RHB,RA_Pace
MN Samuels,RHB,RA_Offspin
MN van Wyk,LHB,
MP Breetzke,RHB,
MP Stoinis,RHB,RA_Pace
MP Yadav,RHB,RA_Pace
MR Marsh,RHB,RA_Pace
MS Bhandage,RHB,
MS Bisla,RHB,
MS Dhoni,RHB,
MS Gony,RHB,RA_Pace
MS Wade,LHB,
MV Boucher,RHB,
MW Short,RHB,RA_Offspin
Mandeep Singh,RHB,RA_Pace
Mashrafe Mortaza,RHB,RA_Pace
Mayank Dagar,RHB,LA_Orthodox
Misbah-ul-Haq,RHB,
Mohammad Ashraful,RHB,
Mohammad Asif,RHB,RA_Pace
Mohammad Hafeez,RHB,RA_Offspin
Mohammad Nabi,RHB,RA_Offspin
Mohammed Shami,RHB,RA_Pace
Mohammed Siraj,RHB,RA_Pace
Mohit Rathee,RHB,RA_Offspin
Mohsin Khan,LHB,LA_Pace
Mujeeb Ur Rahman,RHB,RA_Offspin
Mukesh Choudhary,LHB,LA_Pace
Mukesh Kumar,RHB,RA_Pace
Musheer Khan,RHB,LA_Orthodox
Mustafizur Rahman,LHB,LA_Pace
N Burger,LHB,LA_Pace
N Jagadeesan,RHB,
N Pooran,LHB,
N Rana,LHB,RA_Offspin
N Saini,RHB,
N Sindhu,LHB,
N Wadhera,LHB,LA_Orthodox
ND Doshi,RHB,LA_Orthodox
NJ Maddinson,LHB,
NJ Rimmington,RHB,RA_Pace
NK Patel,RHB,
NL McCullum,RHB,LA_Orthodox
NLTC Perera,LHB,RA_Pace
NM Coulter-Nile,RHB,RA_Pace
NS Naik,RHB,
NT Ellis,RHB,RA_Pace
NV Ojha,RHB,
Naman Dhir,RHB,RA_Offspin
Navdeep Saini,RHB,RA_Pace
Naveen-ul-Haq,RHB,RA_Pace
Nithish Kumar Reddy,RHB,RA_Pace
Noor Ahmad,RHB,Wrist_Spin
OA Shah,RHB,
OC McCoy,LHB,LA_Pace
OF Smith,RHB,RA_Pace
P Awana,RHB,RA_Pace
P Chopra,RHB,
P Dogra,RHB,
P Dubey,RHB,Wrist_Spin
P Kumar,RHB,RA_Pace
P Negi,LHB,LA_Orthodox
P Nissanka,RHB,
P Parameswaran,RHB,LA_Pace
P Ray Barman,RHB,Wrist_Spin
P Sahu,RHB,Wrist_Spin
P Simran Singh,RHB,
PA Patel,LHB,
PA Reddy,RHB,
PBB Rajapaksa,LHB,
PC Valthaty,RHB,RA_Offspin
PD Collingwood,RHB,RA_Pace
PD Salt,RHB,
PHKD Mendis,RHB,Wrist_Spin
PJ Cummins,RHB,RA_Pace
PJ Sangwan,RHB,LA_Pace
PK Garg,RHB,
PM Sarvesh Kumar,RHB,RA_Pace
PN Mankad,RHB,
PP Chawla,LHB,Wrist_Spin
PP Hinge,RHB,LA_Pace
PP Ojha,LHB,LA_Orthodox
PP Shaw,RHB,
PR Shah,RHB,
PR Veer,RHB,RA_Offspin
PSP Handscomb,RHB,
PV Tambe,RHB,Wrist_Spin
PVD Chameera,RHB,RA_Pace
PVSN Raju,LHB,LA_Orthodox
PWA Mulder,RHB,RA_Pace
PWH de Silva,RHB,Wrist_Spin
Pankaj Singh,RHB,RA_Pace
Parvez Rasool,RHB,RA_Offspin
Prince Yadav,RHB,RA_Pace
Priyansh Arya,LHB,
Q de Kock,LHB,
R Ashwin,RHB,RA_Offspin
R Bhatia,RHB,RA_Pace
R Bishnoi,RHB,
R Dhawan,RHB,RA_Pace
R Dravid,RHB,
R McLaren,LHB,RA_Pace
R Minz,LHB,
R Ninan,RHB,RA_Offspin
R Parag,RHB,RA_Offspin
R Powell,RHB,RA_Pace
R Rampaul,LHB,RA_Pace
R Ravindra,LHB,LA_Orthodox
R Sai Kishore,LHB,LA_Orthodox
R Sanjay Yadav,LHB,LA_Orthodox
R Sathish,RHB,RA_Offspin
R Sharma,RHB,RA_Offspin
R Shepherd,RHB,RA_Pace
R Shukla,RHB,RA_Pace
R Smaran,LHB,
R Tewatia,LHB,Wrist_Spin
R Vinay Kumar,RHB,RA_Pace
RA Bawa,RHB,RA_Pace
RA Jadeja,LHB,LA_Orthodox
RA Tripathi,RHB,RA_Pace
RD Chahar,RHB,Wrist_Spin
RD Gaikwad,RHB,
RD Rickelton,LHB,
RE Levi,RHB,
RE van der Merwe,RHB,LA_Orthodox
RG More,RHB,RA_Pace
RG Sharma,RHB,RA_Offspin
RJ Gleeson,RHB,RA_Pace
RJ Harris,RHB,RA_Pace
RJ Peterson,LHB,LA_Orthodox
RJ Quiney,LHB,
RJW Topley,RHB,LA_Pace
RK Bhui,RHB,
RK Singh,LHB,
RM Patidar,RHB,
RN ten Doeschate,RHB,RA_Pace
RP Meredith,RHB,RA_Pace
RP Singh,LHB,LA_Pace
RR Bhatkal,RHB,RA_Pace
RR Pant,LHB,
RR Powar,RHB,RA_Offspin
RR Raje,RHB,RA_Pace
RR Rossouw,LHB,
RR Sarwan,RHB,
RS Bopara,RHB,RA_Pace
RS Gavaskar,LHB,LA_Orthodox
RS Sodhi,RHB,
RT Ponting,RHB,
RV Gomez,RHB,LA_Pace
RV Patel,RHB,RA_Offspin
RV Uthappa,RHB,
Rahmanullah Gurbaz,RHB,
Ramandeep Singh,RHB,RA_Pace
Rashid Khan,RHB,Wrist_Spin
Rasikh Salam,RHB,RA_Pace
Ravi Bishnoi,RHB,Wrist_Spin
Ravi Singh,RHB,
S Anirudha,RHB,
S Aravind,LHB,LA_Pace
S Arora,RHB,
S Badree,RHB,RA_Offspin
S Badrinath,RHB,
S Chanderpaul,LHB,
S Dhawan,LHB,RA_Offspin
S Dube,LHB,RA_Pace
S Gopal,RHB,Wrist_Spin
S Kaul,RHB,RA_Pace
S Kaushik,LHB,Wrist_Spin
S Ladda,RHB,Wrist_Spin
S Lamichhane,RHB,Wrist_Spin
S Nadeem,RHB,LA_Orthodox
S Narwal,RHB,RA_Pace
S Rana,RHB,RA_Offspin
S Randiv,RHB,RA_Offspin
S Sohal,RHB,
S Sreesanth,RHB,RA_Pace
S Sriram,LHB,LA_Orthodox
S Tyagi,RHB,RA_Pace
S Vidyut,LHB,LA_Orthodox
SA Abbott,RHB,RA_Pace
SA Asnodkar,RHB,
SA Yadav,RHB,RA_Offspin
SB Bangar,RHB,RA_Pace
SB Dubey,LHB,
SB Jakati,LHB,LA_Orthodox
SB Joshi,LHB,LA_Orthodox
SB Styris,RHB,RA_Pace
SB Wagh,LHB,LA_Pace
SC Ganguly,LHB,RA_Offspin
SD Chitnis,RHB,RA_Offspin
SD Hope,RHB,
SD Lad,RHB,
SE Bond,RHB,RA_Pace
SE Marsh,LHB,
SE Rutherford,LHB,RA_Pace
SH Johnson,LHB,LA_Pace
SJ Srivastava,RHB,LA_Pace
SK Raina,LHB,RA_Offspin
SK Rasheed,RHB,
SK Trivedi,RHB,RA_Pace
SK Warne,RHB,Wrist_Spin
SL Malinga,RHB,RA_Pace
SM Curran,LHB,LA_Pace
SM Harwood,RHB,RA_Pace
SM Katich,LHB,
SM Pollock,RHB,RA_Pace
SMSM Senanayake,RHB,RA_Offspin
SN Khan,RHB,RA_Offspin
SN Thakur,RHB,RA_Pace
SO Hetmyer,LHB,
SP Fleming,LHB,
SP Goswami,LHB,
SP Jackson,RHB,
SP Narine,LHB,RA_Offspin
SPD Smith,RHB,Wrist_Spin
SR Dubey,LHB,RA_Pace
SR Tendulkar,RHB,RA_Offspin
SR Watson,RHB,RA_Pace
SS Cottrell,RHB,LA_Pace
SS Iyer,RHB,RA_Offspin
SS Mishra,RHB,RA_Pace
SS Prabhudessai,RHB,
SS Shaikh,RHB,
SS Tiwary,LHB,
ST Jayasuriya,LHB,LA_Orthodox
STR Binny,RHB,RA_Pace
SU Parakh,LHB,
SV Samson,RHB,
SW Billings,RHB,
SW Tait,RHB,RA_Pace
SZ Mulani,LHB,LA_Orthodox
Sachin Baby,LHB,RA_Offspin
Sakib Hussain,RHB,RA_Pace
Salil Arora,RHB,
Salman Butt,LHB,
Sameer Rizvi,RHB,
Sandeep Sharma,RHB,RA_Pace
Sanvir Singh,RHB,
Saurav Chauhan,LHB,
Sediqullah Atal,LHB,
Shahbaz Ahmed,LHB,LA_Orthodox
Shahid Afridi,RHB,Wrist_Spin
Shakib Al Hasan,LHB,LA_Orthodox
Shashank Singh,RHB,RA_Offspin
Shivam Mavi,RHB,RA_Pace
Shivam Sharma,RHB,RA_Offspin
Shivam Singh,RHB,
Shivang Kumar,RHB,Wrist_Spin
Shoaib Ahmed,RHB,RA_Pace
Shoaib Akhtar,RHB,RA_Pace
Shoaib Malik,RHB,RA_Offspin
Shubman Gill,RHB,
Sikandar Raza,RHB,RA_Offspin
Simarjeet Singh,RHB,RA_Pace
Sohail Tanvir,LHB,LA_Pace
Sumit Kumar,RHB,RA_Pace
Sunny Gupta,RHB,RA_Offspin
Sunny Singh,RHB,
Suryansh Shedge,RHB,RA_Pace
Swapnil Singh,RHB,LA_Orthodox
T Banton,RHB,
T Dahiya,RHB,
T Henderson,RHB,RA_Pace
T Kohler-Cadmore,RHB,
T Kohli,RHB,
T Natarajan,LHB,LA_Pace
T Shamsi,RHB,Wrist_Spin
T Stubbs,RHB,RA_Offspin
T Taibu,RHB,
T Thushara,RHB,RA_Pace
TA Boult,RHB,LA_Pace
TD Paine,RHB,
TG Southee,RHB,RA_Pace
TH David,RHB,RA_Offspin
TK Curran,RHB,RA_Pace
TL Seifert,RHB,
TL Suman,RHB,RA_Offspin
TM Dilshan,RHB,RA_Offspin
TM Head,LHB,RA_Offspin
TM Srivastava,RHB,
TR Birt,LHB,
TS Mills,RHB,LA_Pace
TU Deshpande,RHB,RA_Pace
Tanush Kotian,RHB,
Tilak Varma,LHB,RA_Offspin
U Kaul,LHB,
UA Birla,RHB,
UBT Chand,RHB,
UT Khawaja,LHB,
UT Yadav,RHB,RA_Pace
Umar Gul,RHB,RA_Pace
Umran Malik,RHB,RA_Pace
Urvil Patel,RHB,
V Kohli,RHB,RA_Offspin
V Nigam,RHB,Wrist_Spin
V Pratap Singh,RHB,RA_Pace
V Sehwag,RHB,RA_Offspin
V Shankar,RHB,RA_Pace
V Suryavanshi,LHB,
V Viyaskanth,RHB,Wrist_Spin
VG Arora,RHB,LA_Pace
VH Zol,LHB,
VR Aaron,RHB,RA_Pace
VR Iyer,LHB,RA_Pace
VRV Singh,RHB,RA_Pace
VS Malik,RHB,RA_Pace
VS Yeligati,RHB,LA_Orthodox
VVS Laxman,RHB,
VY Mahesh,RHB,RA_Pace
Vijaykumar Vyshak,RHB,RA_Pace
Virat Singh,LHB,
Vishnu Vinod,RHB,
Vivrant Sharma,LHB,Wrist_Spin
W Jaffer,RHB,
WA Mota,RHB,RA_Pace
WD Parnell,LHB,LA_Pace
WG Jacks,RHB,RA_Offspin
WP Saha,RHB,
WPUJC Vaas,LHB,LA_Pace
Washington Sundar,LHB,RA_Offspin
X Thalaivan Sargunam,RHB,
XC Bartlett,RHB,RA_Pace
Y Gnaneswara Rao,RHB,RA_Offspin
Y Nagar,RHB,RA_Offspin
Y Prithvi Raj,LHB,LA_Pace
Y Venugopal Rao,RHB,RA_Offspin
YA Abdulla,LHB,LA_Pace
YBK Jaiswal,LHB,LA_Orthodox
YK Pathan,RHB,RA_Offspin
YS Chahal,RHB,Wrist_Spin
YV Dhull,RHB,
YV Takawale,RHB,
Yash Dayal,LHB,LA_Pace
Yashpal Singh,RHB,
Younis Khan,RHB,
Yudhvir Singh,RHB,RA_Pace
Yuvraj Singh,LHB,LA_Orthodox
Z Khan,RHB,LA_Pace
A Nel,,RA_Pace
AA Kazi,,LA_Orthodox
AM Salvi,,RA_Pace
Abhinandan Singh,,RA_Pace
Akash Singh,,LA_Pace
Anand Rajan,,RA_Pace
B Geeves,,RA_Pace
B Muzarabani,,RA_Pace
BJ Dwarshuis,,LA_Pace
BW Hilfenhaus,,RA_Pace
C Ganapathy,,RA_Pace
CJ Dala,,RA_Pace
CJ Green,,RA_Offspin
D Jansen,,LA_Pace
D Madushanka,,LA_Pace
GS Sandhu,,RA_Pace
Gagandeep Singh,,LA_Pace
Gurjapneet Singh,,LA_Pace
Gurnoor Brar,,RA_Pace
H Sharma,,RA_Offspin
IC Porel,,RA_Pace
J Little,,RA_Pace
JA Duffy,,RA_Pace
JW Hastings,,RA_Pace
Jalaj S Saxena,,RA_Offspin
K Khejroliya,,LA_Pace
K Santokie,,LA_Pace
Karim Janat,,RA_Pace
LI Meriwala,,LA_Pace
M Pathirana,,RA_Pace
M Siddharth,,LA_Orthodox
MB Parmar,,Wrist_Spin
MG Neser,,RA_Pace
Monu Kumar,,RA_Pace
N Thushara,,RA_Pace
NA Saini,,RA_Pace
NB Singh,,RA_Pace
O Thomas,,RA_Pace
P Amarnath,,RA_Pace
P Prasanth,,LA_Orthodox
P Suyal,,LA_Pace
PH Solanki,,Wrist_Spin
R Goyal,,LA_Orthodox
RA Shaikh,,RA_Pace
RR Bose,,RA_Pace
RS Ghosh,,RA_Pace
RS Hangargekar,,RA_Pace
RW Price,,LA_Orthodox
Raghu Sharma,,Wrist_Spin
S Joseph,,RA_Pace
S Midhun,,Wrist_Spin
S Sandeep Warrier,,RA_Pace
SC Kuggeleijn,,RA_Pace
SM Boland,,RA_Pace
SS Agarwal,,Wrist_Spin
SS Mundhe,,RA_Pace
SS Sarkar,,RA_Pace
SSB Magala,,RA_Pace
Suyash Sharma,,Wrist_Spin
T Vijay,,RA_Offspin
TP Sudhindra,,RA_Pace
Tejas Baroka,,Wrist_Spin
V Kaverappa,,RA_Pace
V Puthur,,RA_Offspin
W O'Rourke,,RA_Pace
Yash Raj Punja,,RA_Pace
Yash Thakur,,RA_Pace
Zeeshan Ansari,,Wrist_Spin
